{
  "models": [
    {
      "name": "Baseline-Raw",
      "health_rmse": 0.02159843910485506,
      "tsfc_violation": 0.0013500127824954689
    },
    {
      "name": "PhysFeat-Combined",
      "health_rmse": 0.021878774650394915,
      "tsfc_violation": 0.0017541480483487248
    },
    {
      "name": "Full Model",
      "health_rmse": 0.021197265293449164,
      "tsfc_violation": 0.001417235325789079
    }
  ],
  "surrogate": {
    "slow_path_s": 0.7788973999995505,
    "fast_path_s": 0.00037390000943560153,
    "surrogate_ms": 0.0012463333647853383,
    "speedup_x": 2083.170313836816,
    "n_params": 2917
  }
}