{
  "variants": [
    {
      "name": "Baseline-Raw",
      "rmse": 0.02671279013156891,
      "tsfc_rmse": 0.0014282189076766372
    },
    {
      "name": "Baseline-PhysFeat",
      "rmse": 0.03108062967658043,
      "tsfc_rmse": 0.0040383837185800076
    },
    {
      "name": "Full Model",
      "rmse": 0.03278031200170517,
      "tsfc_rmse": 0.0033904914744198322
    }
  ],
  "surrogate": {
    "slow_path_s": 0.2114119999896502,
    "fast_path_s": 0.0003285999991931021,
    "surrogate_ms": 0.005476666653218369,
    "speedup_x": 643.3718822543689,
    "n_params": 2565
  },
  "calibration": {
    "coverage_1std_pct": 36.666667461395264,
    "n_held_out": 60,
    "description": "% of true values falling within predicted mean \u00b1 1 std on held-out test engines"
  }
}