{
  "models": [
    {
      "name": "MLP (N=3)",
      "health_rmse": 0.037046870589256285,
      "tsfc_violation": 0.0023070449708029626
    },
    {
      "name": "GRU (N=3)",
      "health_rmse": 0.02851068079471588,
      "tsfc_violation": 0.0019446377991698682
    },
    {
      "name": "MLP (N=5)",
      "health_rmse": 0.04225049503147602,
      "tsfc_violation": 0.0031418138649314644
    },
    {
      "name": "GRU (N=5)",
      "health_rmse": 0.03190964125096798,
      "tsfc_violation": 0.0020716436090879144
    }
  ],
  "surrogate": {
    "slow_path_s": 0.8116494000132661,
    "fast_path_s": 0.0008231000101659447,
    "surrogate_ms": 0.002743666700553149,
    "speedup_x": 986.088433955468,
    "n_params": 6309
  }
}